1,dsdasd,Sd,fr,Sd,07/08/2025
2,Sadw,Sfs,sts,Sr,sefe
3,dsdasd,Sd,fr,Sd,sd
4,Sadw,Sfs,sts,Sr,sefe
5,dsdasd,Sd,fr,Sd,sd
6,Sbu,Sfs,sts,Sr,sefe
7,dsdasd,Sd,fr,Sd,sd
8,Sadw,Sfs,sts,Sr,sefe
1,dsdasd,Sd,fr,Sd,sd
2,Sadw,Sfs,sts,Sr,sefe
3,dsdasd,Sd,fr,Sd,sd
4,Sadw,Sfs,sts,Sr,sefe
5,dsdasd,Sd,fr,Sd,sd
6,Sbu,Sfs,sts,Sr,sefe
7,dsdasd,Sd,fr,Sd,sd
8,Sadw,Sfs,sts,Sr,sefe
1,dsdasd,Sd,fr,Sd,sd
1,dsdasd,Sd,fr,Sd,sd
2,Sadw,Sfs,sts,Sr,sefe
3,dsdasd,Sd,fr,Sd,sd
4,Sadw,Sfs,sts,Sr,sefe
5,dsdasd,Sd,fr,Sd,sd
6,Sbu,Sfs,sts,Sr,sefe
7,dsdasd,Sd,fr,Sd,sd
8,Sadw,Sfs,sts,Sr,sefe
